"","y1"
"1",0.256550404174038
"2",0.334253068647756
"3",-0.401735340517835
"4",0.544117458158393
"5",-0.848122440600719
"6",-1.27545746334034
"7",-1.19195612881203
"8",-0.928624171849846
"9",-0.824473777000606
"10",0.197869574187767
"11",-0.608133713259997
"12",0.285562889480545
"13",-0.372854172259038
"14",-0.19045963076101
"15",0.954375191636585
"16",-0.703852428861826
"17",-0.932729562673577
"18",-1.0193939072521
"19",-0.742890297525399
"20",-0.16293136583668
"21",-0.845256833080325
"22",0.543109729038261
"23",-1.04457372329576
"24",0.149091958885074
"25",-0.38705243678272
"26",-0.660675620586793
"27",0.74357067833664
"28",-0.437594934811391
"29",-0.483261652114263
"30",-0.715675537910413
"31",0.592262167237004
"32",-0.657575406018687
"33",-1.07828120643571
"34",0.00702282084530403
"35",-1.42554432735158
"36",-0.0197271713455838
"37",0.70565177395249
"38",0.668459488402594
"39",-0.64104003416246
"40",0.17209407990389
"41",-1.16171280650671
"42",-0.460481503972559
"43",-1.01988959683317
"44",-0.921397760160084
"45",-1.11045590254669
"46",0.018647925226141
"47",0.196753396553216
"48",-0.19646413935754
"49",-0.0673618645326911
"50",-0.531445224300544
"51",0.472058269189699
"52",-0.464179166100949
"53",-0.360260363308976
"54",-0.449426571456256
"55",1.00977555470398
"56",0.0761475325573624
"57",0.38448685832705
"58",-0.0577323498509208
"59",-0.433683825588935
"60",-0.561118159073284
"61",0.343668997498684
"62",0.403400262760257
"63",-0.115517770846538
"64",-0.623544195369635
"65",-0.336096520200382
"66",0.890366218018987
"67",0.115922631821323
"68",0.630862290092037
"69",0.215586108241528
"70",0.757617252858344
"71",-0.297764646641203
"72",-0.87079404503312
"73",-0.575487408158503
"74",0.391338623746728
"75",0.273670389064499
"76",-0.561646122905916
"77",-1.11822692998425
"78",-0.748182970871641
"79",0.348926900460921
"80",0.505463437858328
"81",0.893482981740177
"82",-0.526311260503616
"83",0.167185298558396
"84",-0.758238287408044
"85",-1.00466589567897
"86",0.0820349334426842
"87",0.424626165038013
"88",0.649185245201598
"89",-0.375971830620416
"90",0.578657892119294
"91",0.771850406932922
"92",0.972940750932263
"93",0.0407346813954917
"94",0.923921116123493
"95",-0.249817900803262
"96",-0.929935339235094
"97",-0.541048202841275
"98",-0.440874515977379
"99",1.27208842062472
"100",0.901648717524621
"101",1.58681500735018
"102",1.32164935350285
"103",0.0523751120114901
"104",1.46505757142565
"105",-0.129087933116146
"106",-0.647304786832925
"107",-0.607284276434904
"108",-0.079518848629078
"109",0.453710872090436
"110",0.395179334517646
"111",-0.645825733585073
"112",0.63735310280736
"113",-0.713582893055135
"114",0.321669145512713
"115",-0.974807122129685
"116",-0.405341870874029
"117",0.890077387912227
"118",-0.890520500402681
"119",-0.934379028391836
"120",0.125460635217943
"121",-0.515588824454254
"122",-0.407722250734717
"123",-0.312538224614936
"124",0.759597892027909
"125",-0.681497112969546
"126",-0.437060064649109
"127",0.0216883213303259
"128",-0.504514444081502
"129",0.401151247968547
"130",0.340722969057889
"131",0.206345885091174
"132",-0.737040351962466
"133",-0.442916254166931
"134",-0.969551503665248
"135",-1.08980877268657
"136",-0.608700877584003
"137",-0.183281107628443
"138",1.1702868623382
"139",1.68006504486925
"140",2.04723957947416
"141",0.0249359076505726
"142",-0.299826960249756
"143",0.40765251708857
"144",0.207778796534832
"145",0.535857594558653
"146",-1.07181697084662
"147",0.246214100832958
"148",0.264325042021038
"149",-0.844024108597432
"150",0.64266968746513
"151",-0.422551032888053
"152",-0.204683321566581
"153",-0.85923540959629
"154",-0.922234210673337
"155",-0.0602040904501164
"156",-0.378281446011905
"157",0.470985549479183
"158",-0.858141461543077
"159",-1.33138980672366
"160",0.194272806065462
"161",-1.08619934514758
"162",0.349283232481578
"163",-0.673162082956522
"164",-1.04513154925846
"165",0.0559410259705121
"166",-0.762855466449122
"167",0.659382750661397
"168",0.9645116547157
"169",1.09481679089598
"170",0.394200109718786
"171",-0.545125039177341
"172",0.924641169257816
"173",0.320611756010765
"174",-0.796382223836942
"175",-0.460965144492267
"176",0.670610734019527
"177",-0.621187995785823
"178",0.137937393979434
"179",0.725312565569021
"180",0.880695718043623
"181",1.0457307350138
"182",-0.273083727970796
"183",0.968460286025006
"184",-0.534448819971018
"185",-1.06942721756953
"186",-0.715776867654472
"187",0.195799162998847
"188",-0.115502334635608
"189",0.493792968045252
"190",-0.390151466571334
"191",1.00025095293288
"192",0.0773713325250264
"193",0.29178144131956
"194",1.12704857384314
"195",1.46517971323672
"196",-0.0395202513541565
"197",-0.520309321780355
"198",0.651713080952066
"199",0.0223502292516546
"200",0.409900074354544
"201",-0.464803263562237
"202",-0.445349383601709
"203",-0.709911500205768
"204",0.446238155566725
"205",0.319550664041063
"206",-0.026411337389636
"207",0.251551517217316
"208",-0.230373529356581
"209",1.11208544357507
"210",-0.232003351915353
"211",0.453422152070357
"212",-0.0197304741598271
"213",-0.348775523486186
"214",0.409378091701427
"215",0.567745281033853
"216",0.0434806312986598
"217",-0.864634992726383
"218",-0.5693313687073
"219",-0.809088907967229
"220",-0.913545150038488
"221",-1.13308412486104
"222",-0.775193489866029
"223",-0.865312618319929
"224",-0.861134233539106
"225",0.54004935099258
"226",-0.371301843415266
"227",0.026948901006477
"228",-1.05394965194033
"229",-0.690170854412164
"230",-0.84392011634036
"231",0.0580781795233647
"232",-0.516645356368385
"233",0.03173380935615
"234",-0.301500649814979
"235",0.00290417474407573
"236",0.58311527406476
"237",-0.489223648115749
"238",0.301066099473702
"239",-0.432222727403452
"240",-0.392247120100914
"241",0.188095886123951
"242",-1.18756256900504
"243",-1.59708882955272
"244",-1.15114682718985
"245",-1.30670576695555
"246",-0.964631104808889
"247",-0.103621512068013
"248",0.51474871391241
"249",-1.01713355903022
"250",0.333696820505701
"251",-0.423150430044694
"252",0.693800075013643
"253",-0.280362284538963
"254",1.90929302427549
"255",1.69241419240539
"256",0.848892176058253
"257",-0.270846318540953
"258",0.676246419863422
"259",-0.104638607350915
"260",0.458630962635782
"261",-0.521928240354995
"262",-0.493554357992606
"263",-1.04557430171303
"264",-1.04523142075631
"265",-0.43291220441426
"266",-0.845647200969323
"267",0.378491134166862
"268",0.35396941456266
"269",0.620460152088987
"270",0.61779844999734
"271",-0.993592161366747
"272",0.0453187088909832
"273",-0.535958395919924
"274",0.572836573343896
"275",-0.481596152683809
"276",0.121389327062134
"277",-1.23036380024468
"278",0.436077669774597
"279",-0.164089780277481
"280",-1.02820358937143
"281",-0.516443877879042
"282",0.468582555456017
"283",0.227845807776496
"284",0.354250499764432
"285",0.629484355084766
"286",-0.667686082192923
"287",0.475261243786599
"288",-1.05035606326599
"289",-0.879599208608993
"290",0.522634045791389
"291",-1.00773198202985
"292",0.793985467715777
"293",0.94206108884554
"294",-0.359097584438718
"295",0.485583640187473
"296",0.943261703944142
"297",0.359918170741297
"298",0.530182096837268
"299",-0.337746103032107
"300",0.350682466316005
"301",0.51945056647751
"302",-1.18245094913401
"303",0.401352073712958
"304",-0.455541618906768
"305",-0.243765904495796
"306",0.952267472905908
"307",0.768305863137582
"308",0.86987881856634
"309",-0.519572144212474
"310",0.956677578112187
"311",-0.386258872575562
"312",0.708638628950744
"313",-0.814743967089766
"314",0.608455184417275
"315",-0.288509272991324
"316",-0.991338881295317
"317",0.551542226409866
"318",-0.03640905089986
"319",-1.15569094708629
"320",0.208435719380366
"321",0.83229690357319
"322",-0.379018954840754
"323",-0.460255002490092
"324",0.734618117941714
"325",-0.225837456156586
"326",0.390993484874768
"327",0.850845050890046
"328",-0.482854812149075
"329",-0.692304070920238
"330",0.523265069774739
"331",1.09577135962792
"332",0.826054257994787
"333",-0.360282757622419
"334",-0.55421509911266
"335",-0.562489349870997
"336",-0.883210312312025
"337",0.134603885840325
"338",0.332882948292778
"339",-0.677636517488885
"340",1.00745878818193
"341",0.722274281926419
"342",-0.305718822000044
"343",0.687842422533421
"344",0.00359562837939964
"345",1.09086889322709
"346",-0.14153303523523
"347",0.446746270340782
"348",-0.527078039965556
"349",-0.410847652938446
"350",0.326770607815908
"351",0.253495419010692
"352",-1.21599546884277
"353",0.225900486440201
"354",0.265462714200611
"355",-1.093093291398
"356",-0.605613718179641
"357",-0.609828577615366
"358",-1.0529964215973
"359",0.0396562700390856
"360",0.967846830592301
"361",-0.707662258871493
"362",0.489374634719615
"363",0.707188741452927
"364",0.533674352080886
"365",-0.0752735462434044
"366",-1.31040062319882
"367",0.138846184080539
"368",-0.717823925567371
"369",0.338057757824741
"370",0.427614044525723
"371",-1.19040134432781
"372",-0.579207505082662
"373",0.604186366231298
"374",-0.0541036947562443
"375",-0.118838518694231
"376",1.08283037681139
"377",-0.514111648877363
"378",-0.424127316530838
"379",-1.01161882091393
"380",0.198200375040769
"381",-0.21132744700268
"382",-0.286815724913676
"383",-0.978440448228815
"384",-1.0569821829264
"385",0.513063197198805
"386",0.957998098156218
"387",-0.937730723670389
"388",-0.816335664836163
"389",0.275361977840713
"390",-0.753588735693194
"391",-0.801592251002389
"392",0.0518577105592909
"393",-0.711893523609222
"394",0.767840905556542
"395",0.330950492726689
"396",0.742238707077392
"397",1.09693636494536
"398",0.069992996313855
"399",-0.326998489249406
"400",0.458328187672365
"401",-0.989485576654545
"402",-0.34698186262002
"403",0.474427968901928
"404",-0.0107705866072575
"405",-0.42568937674133
"406",0.436845010951367
"407",-0.196703433878224
"408",0.510173302760159
"409",-0.5527358779246
"410",-0.847168505799084
"411",-0.740375847567827
"412",-0.515703362682003
"413",-0.219398711969659
"414",0.418663768716381
"415",0.971684326933962
"416",0.622060365744065
"417",0.0239721708780575
"418",0.0540451196328948
"419",0.368771274691067
"420",-0.738519717944408
"421",0.235113426019726
"422",-0.38218351484504
"423",-0.788712723858868
"424",-0.51345180981146
"425",0.847596601285105
"426",0.409019452618704
"427",-0.750707305933731
"428",-0.664094310737753
"429",0.455678852699571
"430",-0.689609214157337
"431",-0.490551091511373
"432",-0.805441905480647
"433",-0.645043290804046
"434",0.588364968857671
"435",0.927541846356874
"436",0.83397190108903
"437",1.50191563296497
"438",1.54698760106609
"439",0.0162436382808751
"440",-0.5619568771643
"441",-1.06522954416454
"442",-0.467286051051772
"443",-0.726765211531092
"444",-0.852191501059877
"445",-0.813547671654673
"446",0.44753426417582
"447",-0.767035599214749
"448",-0.644845708453855
"449",-0.831748777330497
"450",0.950554711999837
"451",-0.0793511889365032
"452",0.560290755400465
"453",-0.262941001995052
"454",0.167869823737049
"455",-0.764282788090408
"456",0.325681509627408
"457",0.2981958555872
"458",0.236560652761526
"459",-0.421629180282122
"460",-0.670596180728391
"461",1.24662576282768
"462",1.09611688626858
"463",-0.236602208627108
"464",0.529562432341196
"465",-0.611474570983162
"466",-1.19934592841042
"467",-1.32541345169379
"468",0.329999696360081
"469",0.794348595889344
"470",0.639324793780179
"471",-1.21748103820493
"472",-0.67396498993203
"473",-0.924170033813367
"474",-1.03440349025548
"475",-0.819230121619315
"476",0.135813668313524
"477",-0.308979165175208
"478",0.341695002588698
"479",0.133644021071594
"480",-0.767893949673559
"481",-0.339031104298222
"482",-0.372935261572278
"483",0.502197993436551
"484",0.0569090712624363
"485",0.238055687888786
"486",0.91213651898046
"487",-0.911045110991994
"488",-1.02543166169242
"489",0.0662099187088734
"490",-1.11907298561291
"491",-0.88479880078727
"492",-0.0503007998245882
"493",-0.92733891631467
"494",-0.8336302001538
"495",-0.800346589542951
"496",-0.9879022055286
"497",-1.18088860064886
"498",-0.685511691318461
"499",-0.819611168188822
"500",-0.556782903823848
"501",-0.125517891440354
"502",-0.871030054450179
"503",0.147554282628159
"504",0.559194201154126
"505",-0.549991306686045
"506",-0.325996702327179
"507",0.719923815798109
"508",-0.617556309916855
"509",-1.24368138607639
"510",0.570877049516676
"511",0.291639056752648
"512",-0.659237775870584
"513",-0.242889612693173
"514",1.14730682519257
"515",0.629650887883518
"516",-0.976524957020314
"517",0.292734265264713
"518",-1.26387733005755
"519",-1.0027756929558
"520",0.354592254794969
"521",-0.801120026669577
"522",0.397864001470338
"523",0.968635832125243
"524",0.0575349252432843
"525",0.0917071048758087
"526",0.657723093660839
"527",1.56166055819373
"528",1.25011970721992
"529",-0.613140792878767
"530",0.882566114564189
"531",-0.581173449267425
"532",-0.982564421112285
"533",-0.983367264603013
"534",-0.740069283225462
"535",-1.06434640426416
"536",-0.554911614041436
"537",1.26929945024301
"538",1.27638826116358
"539",-0.571482877357504
"540",0.312222857205561
"541",0.734976271322456
"542",0.587579507178057
"543",0.48390530419789
"544",1.16393206426477
"545",0.967934911287932
"546",-0.645877624139551
"547",0.242041263263418
"548",0.449477275677381
"549",0.251706731724043
"550",0.644654988724735
"551",0.917997434158487
"552",0.457088560178946
"553",-0.654258990037258
"554",-0.199027670062756
"555",0.601276883936154
"556",0.00663151016578678
"557",-0.0336973774865751
"558",0.931399964492603
"559",0.584193959095495
"560",0.667235631673029
"561",-0.819003455245888
"562",0.887900222568927
"563",0.492319139521919
"564",-0.47827342714747
"565",-0.440025558159338
"566",-0.215972010613703
"567",-0.434980536227237
"568",-0.9650249079769
"569",-0.500634007461613
"570",0.549060816635627
"571",0.902470742132616
"572",0.785830446508572
"573",0.403357682261152
"574",-0.316506682460865
"575",0.497164418071465
"576",0.512091905616298
"577",0.58026070385901
"578",-0.538237031576732
"579",-1.09706323383507
"580",0.198906970415354
"581",0.315664624263774
"582",0.330490496777747
"583",-0.644716144354187
"584",0.164088110242369
"585",-0.262510585464695
"586",-0.332094789262436
"587",0.758322843876997
"588",-0.621074009023373
"589",-0.876679097706752
"590",-0.666382353558887
"591",0.820934059980894
"592",0.699928780650562
"593",0.629053796005553
"594",0.769892054658253
"595",-0.916393616836507
"596",-0.0356182704007663
"597",0.231574204605803
"598",-0.655694506547014
"599",0.79367225225786
"600",0.301019104686931
"601",0.872239474915816
"602",0.593489565976999
"603",0.956010555261552
"604",0.910934613522987
"605",-0.256748492080679
"606",0.00328197239633921
"607",0.381513867546374
"608",0.993631810170371
"609",0.879481700563061
"610",-0.0218485234109677
"611",-1.1664780971258
"612",-0.161975590228817
"613",0.0327136315751122
"614",-0.815886898016477
"615",-1.18959275294179
"616",0.0904016829251659
"617",-1.0318616819509
"618",-0.764048883951435
"619",0.0217439026492157
"620",0.232559769582892
"621",0.833253477814208
"622",-0.691457293761991
"623",0.393189177961739
"624",0.68350825768825
"625",-0.573987930221265
"626",0.78770812652074
"627",0.140078991470156
"628",0.233906801580995
"629",-0.482471004689693
"630",-0.832756113036038
"631",0.481793858558414
"632",0.873320175889296
"633",-0.626177672559635
"634",-0.656955947046544
"635",0.37347959726055
"636",0.848792565019798
"637",0.187449705472976
"638",-0.314886691654598
"639",-0.479406207212929
"640",-0.548959488146829
"641",0.537002017054228
"642",-0.613956833857525
"643",-0.864595467719241
"644",0.280173757453007
"645",-0.584664219900332
"646",0.272707869140348
"647",0.699675634300166
"648",0.709498986330547
"649",0.95012809569614
"650",1.53452791604105
"651",-0.321083683230747
"652",0.412018758901463
"653",-0.747909754835984
"654",-1.34620189170909
"655",-0.263359496803694
"656",0.224507823075991
"657",-0.64622778496568
"658",-1.0698890867683
"659",-0.659498095263502
"660",-0.265858183869576
"661",-0.380869270155455
"662",-0.79164235711977
"663",-0.423064192791424
"664",-0.350011646685763
"665",-0.417493227725209
"666",-0.344785908879016
"667",0.263152800763365
"668",-0.22490049558432
"669",0.92852959320512
"670",-0.160487279820306
"671",0.507500509965775
"672",-0.278969262958458
"673",-0.555386548341855
"674",-1.07824648888302
"675",-0.895144530600839
"676",-0.672741277098795
"677",-0.841225982229133
"678",-0.141823529679528
"679",-0.901913713929886
"680",0.000940434160393355
"681",0.401821508973471
"682",0.751846969584978
"683",1.18144665441978
"684",0.940830606427197
"685",-0.210173290802793
"686",-0.235354544957303
"687",0.596091193821678
"688",-0.823908500436687
"689",1.0436091919753
"690",0.719745573180966
"691",-0.60303467381505
"692",0.651760687865037
"693",0.846388383891682
"694",-0.196016046302804
"695",-0.560975156709838
"696",-0.742168675350027
"697",0.322576456793582
"698",0.870276114045558
"699",-0.353532570025327
"700",-0.503256205405645
"701",0.365759976832168
"702",1.15822996228501
"703",-0.501274670295671
"704",1.04504591349139
"705",-0.404975506250628
"706",0.456266293332734
"707",0.53530811758805
"708",-0.641170867710973
"709",0.48406891739763
"710",0.750749889458766
"711",-0.431877217216169
"712",-0.0671736003619772
"713",-0.0869174063160996
"714",-0.951268086756093
"715",0.247065265168706
"716",-1.35456551228287
"717",-1.1770972078796
"718",-1.19012385676376
"719",-1.5319123138979
"720",-0.254301251610465
"721",-0.338379621925866
"722",0.435809891405381
"723",-0.625061459042053
"724",-0.837477299382696
"725",0.576138891179389
"726",0.844251450379859
"727",1.47723765156698
"728",1.18482241578159
"729",-0.282838344820753
"730",0.789699799394698
"731",1.14812777251407
"732",0.865937855556363
"733",0.928072036587244
"734",0.792257500320218
"735",0.318915870261229
"736",0.133869929039077
"737",0.210539358376791
"738",-1.34082184193726
"739",-1.55651665672943
"740",-0.37056612563633
"741",0.023680683795832
"742",-0.699748933634616
"743",-1.05456985784945
"744",0.260233422521713
"745",0.793922664036597
"746",0.560839989345909
"747",1.10080989512829
"748",0.710925168565939
"749",-0.672755217582112
"750",0.544083060266695
"751",0.00560001277774202
"752",-0.124437601718556
"753",1.20721358868984
"754",-0.0991881675422036
"755",-0.316701942880302
"756",-0.949565376006897
"757",-1.28057116431528
"758",0.0150291273105402
"759",0.871396565216036
"760",0.888785435000179
"761",-0.41172760957474
"762",0.864998021596771
"763",-0.264645854411274
"764",-0.49545487781588
"765",-0.611938892066479
"766",-0.47908701817044
"767",0.805097157166265
"768",-0.752659942595524
"769",-0.0700511814546581
"770",-0.325403117587618
"771",-0.985721329866579
"772",-0.113236681593912
"773",-0.821721158066765
"774",0.649653077274401
"775",-0.676611945827554
"776",0.986468876071324
"777",0.96213472946937
"778",0.798703192486371
"779",1.1502064964471
"780",0.775237799879446
"781",-0.812049375703818
"782",0.672753556219425
"783",0.00706428899395095
"784",1.01941470236822
"785",0.522546264630614
"786",0.838052606581168
"787",-0.0480013685548881
"788",-0.41909400405329
"789",-0.850991283957429
"790",-0.748877974706275
"791",0.516729280770543
"792",0.71723992630517
"793",-0.253498034018843
"794",-0.817156644929245
"795",0.691410759609529
"796",-0.257447596541127
"797",1.07684768975487
"798",0.36774763051588
"799",0.914248409012054
"800",0.634547990829172
"801",0.915481988176361
"802",0.854624085671758
"803",-0.125011148564713
"804",0.550092133048122
"805",-1.4194571274257
"806",-1.0760480304098
"807",0.440349717425188
"808",0.299884057072787
"809",-0.594315153910003
"810",0.562164521854373
"811",-0.86585380242133
"812",0.0809323858953982
"813",0.330517925744125
"814",-0.28681757763833
"815",-0.181075709717377
"816",0.438854518101574
"817",-0.763642087323071
"818",0.247383115942549
"819",0.163401979061113
"820",-0.240673383858038
"821",-0.510312956483027
"822",-1.23533719502931
"823",0.683129039208403
"824",-0.158475866435173
"825",-0.339732150178184
"826",0.505422761615019
"827",-0.525604335755703
"828",0.954549870752341
"829",-0.500527635251749
"830",-0.622882255488674
"831",-0.539206622422127
"832",0.84000766822104
"833",-0.502746195073347
"834",0.227619351803432
"835",0.537766641266624
"836",0.860519744880619
"837",0.509055331590104
"838",-0.31099379016518
"839",0.757879774905047
"840",0.69296253136514
"841",0.652505944057125
"842",-0.266346475184685
"843",0.219883326327515
"844",-0.67888296478596
"845",0.849144802807834
"846",0.791737768708232
"847",-0.495307142296464
"848",0.48885433516019
"849",0.469584819306901
"850",1.33378511684654
"851",-0.316849192501059
"852",0.46564524479858
"853",-0.484423669680538
"854",0.145359009383322
"855",-0.689442933413198
"856",0.577646774277116
"857",0.886837889405585
"858",0.814869371320137
"859",0.679199113895072
"860",-0.700091769061294
"861",-1.40267466666051
"862",0.351151886159027
"863",-0.296027028375897
"864",0.652794527292966
"865",1.2807294688666
"866",-0.0731006810975354
"867",-0.810952714092008
"868",0.143413923848944
"869",-1.21634460416901
"870",-1.78169981834621
"871",-1.71969355344578
"872",-0.669792088214384
"873",-1.4929976389008
"874",-0.956457173123679
"875",0.286816141992874
"876",0.00148776270487927
"877",0.387849545150987
"878",0.42238564547827
"879",0.525126235644385
"880",-0.593058006139269
"881",0.394626753930484
"882",1.1794644906653
"883",0.650908593055033
"884",0.964254738855406
"885",-0.127756580298491
"886",-0.502724062702433
"887",-0.27762697598506
"888",0.983571416464224
"889",-0.192878555314857
"890",-0.523686873125863
"891",-0.633535452473068
"892",-0.472331452169267
"893",-0.383351147703433
"894",0.83292567227443
"895",-0.73592735556202
"896",-1.40674217019402
"897",-0.87993983036141
"898",-1.69143247456371
"899",0.0310516578621179
"900",-1.1767936656041
"901",-1.04272054621789
"902",0.25801221936004
"903",-1.21194908078384
"904",-0.750227439754771
"905",-0.825991418601237
"906",-0.551017653425302
"907",0.562416794660691
"908",0.953756694675575
"909",-0.425640622706647
"910",-1.06939242917307
"911",-0.332652625602757
"912",0.498797666182554
"913",-0.238504597765847
"914",0.416238350812067
"915",0.775857262045565
"916",0.198782702302317
"917",-0.795700506218883
"918",0.677963673250201
"919",0.256345731748979
"920",0.694443971231342
"921",1.0491475800436
"922",0.892153974714409
"923",0.52197544243045
"924",0.475177240403191
"925",-1.01121908879161
"926",-1.080896552467
"927",-1.01382435372515
"928",0.415808807330778
"929",0.930335144392501
"930",-0.133129731593987
"931",0.926205919629589
"932",0.914180012240532
"933",-0.486198638167662
"934",0.70363916745614
"935",1.07613194903613
"936",-0.340832112289767
"937",-0.390320352650998
"938",0.238545579375526
"939",-0.605075047963942
"940",-0.628690004573842
"941",-1.11039521032904
"942",-0.691084220471708
"943",0.207504580964761
"944",-0.746456284140077
"945",0.599584571274961
"946",1.09277212507304
"947",1.1936503252644
"948",-0.146607949224159
"949",-0.232595120017431
"950",0.531805620099181
"951",-0.480593964170197
"952",0.663896482767823
"953",-0.422988665951291
"954",-1.16984731562368
"955",-0.896810774534657
"956",-1.03836251017618
"957",-0.58715257110584
"958",-0.22286788145572
"959",0.259594920845622
"960",0.352894506574054
"961",0.574588753885857
"962",1.2382438606148
"963",0.371313621137199
"964",0.593762506903729
"965",0.739667581682477
"966",0.972208346453908
"967",-0.447062704685341
"968",-0.478719560944588
"969",-1.1502772813621
"970",-0.252489815634173
"971",-0.875670713209654
"972",-0.6939320352756
"973",0.646118045061855
"974",0.417128948614121
"975",-0.970841292153653
"976",-0.0560417216481049
"977",-1.11121412237211
"978",-1.02640626134427
"979",-0.331144491115774
"980",0.432528062077924
"981",-0.874222001850962
"982",0.480795005716473
"983",-0.467790619480951
"984",-0.569633183758824
"985",0.558362755113674
"986",-0.508162231333536
"987",-0.28772412184163
"988",0.381474080319722
"989",-0.521994360330798
"990",-0.187716377902363
"991",0.978390329676158
"992",0.976646769809397
"993",-0.0654073697771805
"994",-0.669001138110385
"995",-0.721550568056403
"996",-1.12739007802597
"997",-0.756794779636206
"998",0.390203428770233
"999",-0.204665534191052
"1000",-0.505704506438029
"1001",-0.317444906515132
"1002",0.768551551527651
"1003",-0.258023450570283
"1004",-0.128531476516225
"1005",-0.736248409841866
"1006",0.24255291636321
"1007",-1.08593104090873
"1008",0.149840051886527
"1009",0.13850255010664
"1010",-0.595926699760417
"1011",-0.653326330267365
"1012",0.521296568652281
"1013",0.563832782458463
"1014",1.16102497111692
"1015",1.41232392295582
"1016",0.896478590901238
"1017",-0.823567492270052
"1018",-1.53618756208388
"1019",-0.819558483218102
"1020",-0.758947724821575
"1021",-0.288322233913889
"1022",-0.77693346279184
"1023",-1.31412485266043
"1024",-0.135418362940196
"1025",-1.20630462340179
"1026",-0.964888386163095
"1027",0.201555126356707
"1028",0.0154278700807329
"1029",0.761103268068809
"1030",0.202050422621126
"1031",-0.671043498162722
"1032",-0.286454794205572
"1033",-0.643166306553947
"1034",0.888667783632957
"1035",0.584188317265541
"1036",0.556020862300542
"1037",0.391970090276883
"1038",-0.534114850508329
"1039",-0.612826791143279
"1040",0.756585272817831
"1041",0.637626457140377
"1042",0.218747656226231
"1043",-0.654496996904015
"1044",1.07792741316309
"1045",-0.616292538694177
"1046",0.562047343328591
"1047",0.899809301849369
"1048",0.00998705604460459
"1049",-0.241712114746711
"1050",-0.809608111948142
"1051",0.768207882050518
"1052",-0.266753316081814
"1053",1.00174729908857
"1054",0.0203491359663185
"1055",-0.488479036523313
"1056",0.40972896070953
"1057",-0.282814421469658
"1058",-0.607236611211522
"1059",0.617843975640738
"1060",-0.436001234570888
"1061",0.608065781331255
"1062",-0.507870573973654
"1063",0.477432677187626
"1064",-0.376412135296396
"1065",-0.313063944531546
"1066",-0.274220470918899
"1067",0.364400781010602
"1068",0.841113921810995
"1069",0.094642595485262
"1070",1.08015702668656
"1071",-0.249012195337053
"1072",1.2337650213777
"1073",-0.116114095387699
"1074",-0.229009599746569
"1075",-1.14136087861952
"1076",-0.482135798730661
"1077",-0.867444251704061
"1078",0.374074244579336
"1079",-0.357660596912455
"1080",-0.423207199582976
"1081",0.606093488372918
"1082",0.44280704999609
"1083",0.77980019074107
"1084",-0.340963877440095
"1085",-0.947520603839578
"1086",0.308610312783468
"1087",0.713998474079044
"1088",0.743022395562523
"1089",0.767348533592922
"1090",-0.326451886458977
"1091",0.691038992557014
"1092",-0.192625682831036
"1093",0.786139156173529
"1094",-0.0272581575751005
"1095",0.361302304233462
"1096",0.838927570793132
"1097",0.895324660827013
"1098",-0.158768625277148
"1099",-0.223194342636956
"1100",-0.584450554420169
"1101",0.354540321538212
"1102",-0.654284631003291
"1103",0.60952125660655
"1104",-0.845844783796403
"1105",-0.989809368788903
"1106",0.590866106823619
"1107",1.06318883939654
"1108",-0.432745062953084
"1109",0.407261953583739
"1110",-0.915882380316393
"1111",0.283184438752285
"1112",-0.864897447180934
"1113",-0.654241671026792
"1114",-0.403248260003893
"1115",1.1672563257338
"1116",0.272239714150693
"1117",0.816499177408386
"1118",-0.767561689228681
"1119",-0.926797551725286
"1120",0.776772973781982
"1121",-0.535281452068257
"1122",0.543938521857345
"1123",0.950078986073748
"1124",-0.136717544877147
"1125",0.664249464551344
"1126",0.238979964964357
"1127",1.22272497942495
"1128",0.95835478457039
"1129",-0.133710738167062
"1130",0.733412912116693
"1131",0.68120798061252
"1132",0.301404046242127
"1133",0.962774122785196
"1134",0.742802821385946
"1135",-0.920887282096423
"1136",0.434021894935283
"1137",-0.115549429931503
"1138",1.15767755169553
"1139",-0.222799252721738
"1140",0.628130972935439
"1141",-0.811355934854757
"1142",-0.932383658020389
"1143",-0.341389521625145
"1144",-0.310583886701477
"1145",-0.281360203138592
"1146",0.939019504714521
"1147",0.693997268084076
"1148",-0.782895730106803
"1149",0.843185241222493
"1150",0.789940795206416
"1151",0.544397849044565
"1152",-0.563535824759748
"1153",1.37053716393362
"1154",1.16216272653868
"1155",-0.537606393959154
"1156",0.832814168154866
"1157",0.307551116499336
"1158",0.909491626401406
"1159",0.828003415400273
"1160",-0.0854987938584917
"1161",1.17318830261837
"1162",0.601206406612798
"1163",0.393534052243183
"1164",1.18683533672057
"1165",0.189136040288242
"1166",-0.375054201693024
"1167",0.971806764981348
"1168",-0.575953036336578
"1169",0.65555806696275
"1170",0.213002709412967
"1171",0.513315834767159
"1172",-0.807638819102259
"1173",-0.772949656873385
"1174",-0.520608684165211
"1175",0.731394152515257
"1176",-0.362300894094088
"1177",-0.385988422756194
"1178",-0.554861546938353
"1179",-0.610144458498859
"1180",0.378182788499132
"1181",0.218193949601958
"1182",-0.0985452812253291
"1183",-0.21204242800538
"1184",-0.754035427830467
"1185",-0.726320668204092
"1186",-0.633392722867072
"1187",-0.907916265516483
"1188",0.414888799646974
"1189",0.691635442066783
"1190",-0.600922778638103
"1191",0.285602969337515
"1192",-0.491496377553516
"1193",0.140729826372804
"1194",-0.0877153645112858
"1195",0.0990552376340041
"1196",0.316515763313194
"1197",-0.412429107204721
"1198",-0.320287291440172
"1199",0.147511172180496
"1200",0.0678148630153123
"1201",0.787783644263452
"1202",0.675375217577676
"1203",-0.506998808356204
"1204",-0.224195888200502
"1205",0.88837190023761
"1206",1.06401449431719
"1207",-0.320575720702975
"1208",1.00621189787886
"1209",0.925692932498719
"1210",-0.609873060555358
"1211",0.0143166910423197
"1212",-0.157206935798675
"1213",-0.416913069603969
"1214",0.784273956995529
"1215",1.06026697477502
"1216",-0.080776655902861
"1217",-0.74506417712535
"1218",-0.855711654692885
"1219",0.0642943114384009
"1220",-0.604635728371002
"1221",0.268836034591671
"1222",-0.874507521447652
"1223",0.828517944310581
"1224",-1.11470300785485
"1225",-0.244548812451992
"1226",-0.639943696966246
"1227",1.27793000612327
"1228",-0.202353503879863
"1229",-0.232314946923999
"1230",1.02901499600667
"1231",1.08141933724234
"1232",0.504297719788302
"1233",0.925888143249744
"1234",0.451005807337402
"1235",-0.884051995098581
"1236",-0.772740993811082
"1237",-1.13963867698979
"1238",0.148449161433184
"1239",0.181523622278752
"1240",-0.952914794024958
"1241",-1.18590297245462
"1242",-0.0137732294597292
"1243",-1.00671249087919
"1244",-0.0644912663303291
"1245",0.501073246577381
"1246",-1.16375578112887
"1247",0.444089389787845
"1248",0.731645705514101
"1249",0.389248960564739
"1250",-1.31127838671405
"1251",-1.2164821962306
"1252",-0.29485327620641
"1253",0.0044772472111736
"1254",-0.550363726576499
"1255",0.411932145579407
"1256",0.219309202326418
"1257",-0.346904036379985
"1258",-0.223827810166424
"1259",0.589106518762544
"1260",0.570056154494553
"1261",0.972170391896211
"1262",0.915178294338979
"1263",0.0754347685105287
"1264",0.45797258376722
"1265",-0.605649753744058
"1266",-0.903583411487581
"1267",-0.435937400308559
"1268",0.655941479518643
"1269",0.469573304047639
"1270",0.878470562743425
"1271",-0.457852914486399
"1272",0.459074837993952
"1273",-0.414986292045476
"1274",-0.344671265037241
"1275",-0.388808193042223
"1276",0.580352286838483
"1277",0.450838638383367
"1278",0.141292296665348
"1279",1.26504439188245
"1280",0.786184903241251
"1281",-1.13717634138772
"1282",-0.986195045853437
"1283",-0.992718065589935
"1284",-1.14464076784681
"1285",-0.948500421062729
"1286",0.220590932946105
"1287",-0.672059942041848
"1288",-0.153202380987766
"1289",0.410967842362218
"1290",0.669203586046239
"1291",-0.195460875483506
"1292",-0.838990723525418
"1293",-0.235741577048156
"1294",-0.644295596368908
"1295",0.850539677160893
"1296",-0.77338638197972
"1297",-0.24128091621515
"1298",0.017431454247267
"1299",0.88761328659491
"1300",0.0461818396720703
"1301",0.350976021442825
"1302",0.539604619881261
"1303",1.18808521772803
"1304",0.306915554036402
"1305",0.945351940303894
"1306",0.253507164721228
"1307",0.302776385284456
"1308",0.753470245289268
"1309",-0.613253620505738
"1310",-0.709907667942119
"1311",0.842144224498288
"1312",-0.354242434887955
"1313",-1.12527023891394
"1314",-1.13973373845835
"1315",-1.03567707882072
"1316",-1.18981372158648
"1317",0.623555948105542
"1318",-0.204759567295115
"1319",1.03024566712438
"1320",0.619769550820016
"1321",-0.48124395614498
"1322",0.330094256251172
"1323",-0.589236566058447
"1324",0.177464841217072
"1325",-0.603460817888212
"1326",0.221931851972079
"1327",0.87025308071931
"1328",1.20531497436565
"1329",0.737695522890217
"1330",-0.636990099371346
"1331",-0.89470826014828
"1332",-0.532034858029071
"1333",-0.470789780253278
"1334",1.03106507429964
"1335",-0.340168909168128
"1336",0.6631250636206
"1337",-0.345934557243156
"1338",-0.696782836005972
"1339",-0.91764126098898
"1340",0.86177725592487
"1341",0.535624432280386
"1342",-0.0744901965613293
"1343",-0.224111913832923
"1344",0.273541685889841
"1345",0.189432095958952
"1346",-0.417505351123097
"1347",0.247399245625355
"1348",-0.802336802962048
"1349",0.59584457606007
"1350",1.1685687265705
"1351",-0.791762617176118
"1352",0.336936001915357
"1353",-0.562665959226569
"1354",-0.0288055772698097
"1355",-0.171933795536527
"1356",0.669046688710641
"1357",-0.36560509374583
"1358",-0.995750341094621
"1359",-0.893243071546492
"1360",-0.501103614319729
"1361",-0.365149415621334
"1362",-0.90116226274908
"1363",0.705152400050628
"1364",-0.418703797586662
"1365",-0.647392892500042
"1366",-0.819688124386151
"1367",0.341571248878474
"1368",0.299662633752689
"1369",0.428791907979766
"1370",-0.696261224174822
"1371",0.343742688925379
"1372",-1.0936599114341
"1373",0.174269772899342
"1374",-1.23808140862373
"1375",0.125484439223685
"1376",0.487681514039792
"1377",-0.566341246964228
"1378",0.68144566407092
"1379",-0.444253217978815
"1380",-0.738908841305712
"1381",0.577276856769471
"1382",-0.266098112807837
"1383",-0.949686515180477
"1384",0.0713011282503003
"1385",0.796715056290991
"1386",0.0340355452517717
"1387",0.672210396353995
"1388",0.981212678560783
"1389",-0.312550368812331
"1390",-0.318828740976988
"1391",0.533930400669707
"1392",-0.584783280602724
"1393",0.443650456220183
"1394",0.275038598179627
"1395",-0.367853829576883
"1396",0.612391458062053
"1397",-0.110660713055163
"1398",0.83990961911695
"1399",-0.229157218791227
"1400",-0.76411558673378
"1401",0.382239759279853
"1402",0.744366872830758
"1403",0.535235682613247
"1404",0.46400097029381
"1405",-0.658632379244777
"1406",-0.422550654338217
"1407",-0.26700367300171
"1408",-0.527686576065658
"1409",0.15930157617526
"1410",0.348960456696475
"1411",-0.12605966468621
"1412",-0.793698592237759
"1413",-0.954886830546982
"1414",-1.04704133835878
"1415",0.40340420675773
"1416",-0.273584025535475
"1417",-1.04015886000758
"1418",0.136330282819796
"1419",1.0280251780259
"1420",0.709334874331631
"1421",0.583565630353906
"1422",-0.713841674605708
"1423",-0.460577181986042
"1424",0.611276912448339
"1425",0.963406231454086
"1426",0.827643096441316
"1427",0.536075260354947
"1428",0.984860519959284
"1429",-0.256580176493039
"1430",0.506967247282521
"1431",0.354571346026913
"1432",-0.531556964729994
"1433",0.241237400098927
"1434",-0.357932295741246
"1435",-0.429644017309194
"1436",-1.12885800340277
"1437",0.580746105827635
"1438",0.942281270893433
"1439",0.122292957164669
"1440",1.29180080219804
"1441",-0.0190082672277782
"1442",-0.106712232338227
"1443",-0.338745599172397
"1444",-0.445164275229105
"1445",-0.217878493416855
"1446",-1.01727750410289
"1447",-0.827970033645187
"1448",-0.827750329459589
"1449",-0.804060129785407
"1450",0.305865773130645
"1451",0.491255192356928
"1452",-0.0398377638394394
"1453",-0.583615727163911
"1454",-0.515812183353635
"1455",-0.738206701654931
"1456",0.35672436260208
"1457",0.639537298404475
"1458",-0.316686376956249
"1459",0.744495500385777
"1460",1.37220558687733
"1461",0.461886028896316
"1462",1.02779529016517
"1463",1.07382171039412
"1464",-0.805955747412092
"1465",-0.634374032442318
"1466",0.651377558628946
"1467",0.986567152152486
"1468",-0.276826966671017
"1469",0.526680117368947
"1470",-0.838327098627009
"1471",0.437656201761935
"1472",0.704839839632583
"1473",0.375698987970421
"1474",0.688255590112654
"1475",0.945509574404143
"1476",-0.459272939918579
"1477",0.336570747581623
"1478",0.0674729387448427
"1479",0.386666448164089
"1480",0.404554349272687
"1481",0.375204988326292
"1482",-0.695907151191671
"1483",-0.725980651969768
"1484",0.837015425806002
"1485",-0.898249739516077
"1486",-0.752928066056531
"1487",0.39390900143371
"1488",-0.567742084019613
"1489",0.585554326971696
"1490",0.537525377857746
"1491",-0.515634186223356
"1492",0.936020393026523
"1493",-0.245131851486156
"1494",-0.332044469867311
"1495",1.08322728407966
"1496",-0.288119930115714
"1497",0.894611500860111
"1498",0.804829176859154
"1499",1.30050646615901
"1500",-0.805742510791716
"1501",0.468833048241147
"1502",1.24030223646356
"1503",1.16935233880998
"1504",-0.111984753679471
"1505",0.0150430529543172
"1506",0.356490900501439
"1507",1.36407743857476
"1508",-0.0688949003384592
"1509",-0.337717655839348
"1510",0.884500674108198
"1511",-0.0679509229416081
"1512",0.811649242867014
"1513",0.70639732670558
"1514",-1.02285738903527
"1515",-0.776349077512482
"1516",-0.261928459243283
"1517",-0.751647103905667
"1518",0.700683319343305
"1519",-0.813102389733354
"1520",0.97803496868621
"1521",-0.121099905082446
"1522",-0.0864281759864503
"1523",1.00555598403172
"1524",-0.60147190044182
"1525",0.533948790323934
"1526",-0.259332629674156
"1527",0.735318966572771
"1528",-0.612476934630771
"1529",-0.940054172291123
"1530",0.22952294102669
"1531",0.708245571935188
"1532",1.02071929130465
"1533",0.235953066043195
"1534",0.859223882826347
"1535",-0.475379637945021
"1536",-0.574121685874869
"1537",-0.964823831066423
"1538",1.09684325778964
"1539",-0.493879145742507
"1540",-0.578942474414748
"1541",0.191055589779373
"1542",0.803354487693103
"1543",-0.613548097186515
"1544",-0.588175405544682
"1545",0.5431885090486
"1546",-0.644938299343263
"1547",0.461123375145913
"1548",-0.168349524625763
"1549",-0.399088546677805
"1550",-0.611356244398105
"1551",0.375446038485175
"1552",0.798660147836296
"1553",-0.230762630741455
"1554",-0.349032069013452
"1555",0.319682552818591
"1556",-0.502731043427353
"1557",-0.524664462580104
"1558",-1.00744720726772
"1559",0.889232684404435
"1560",-0.566112332944881
"1561",0.785139911218865
"1562",0.588120334870644
"1563",0.850020057640006
"1564",0.725021421579648
"1565",0.125431832523947
"1566",0.501144071028035
"1567",0.674305098579513
"1568",0.647271119852495
"1569",-1.00280903798857
"1570",0.123424123053367
"1571",0.280752152373145
"1572",0.319294423286502
"1573",-0.406065386232248
"1574",-0.407633374383056
"1575",0.900219003899272
"1576",-0.421741255412868
"1577",0.815596587280942
"1578",-0.445419783821873
"1579",0.507803710091823
"1580",-0.256312820864487
"1581",-0.391106709981105
"1582",-0.186582008271984
"1583",-0.5257679369522
"1584",0.489588506447733
"1585",-0.737495439132905
"1586",0.570418525686121
"1587",-0.990027374349715
"1588",0.407432335179154
"1589",0.676873211095485
"1590",-0.219412855077936
"1591",0.817779806193
"1592",0.0870934616156049
"1593",0.0591917748748915
"1594",0.110331474312048
"1595",-0.25108624843762
"1596",-0.903655067062693
"1597",-0.00271318744680343
"1598",0.198874196228407
"1599",-1.99367055887577
"1600",-0.950301116345905
"1601",0.0640763676685874
"1602",-0.181757094369904
"1603",-0.841041456458714
"1604",0.22144608320408
"1605",0.303429315990967
"1606",0.662105226755483
"1607",1.38288476330589
"1608",0.279014055445062
"1609",0.471490024070502
"1610",0.359980083647067
"1611",0.340768643267998
"1612",0.594689936098041
"1613",-0.716872867998083
"1614",-0.778495559729212
"1615",0.123768183393155
"1616",0.23363292404104
"1617",-1.12983902543582
"1618",-0.536814919697217
"1619",-0.588618048109704
"1620",-0.764426370142317
"1621",0.222407774750716
"1622",0.947232497402897
"1623",0.298823084624196
"1624",-0.140714827595702
"1625",-1.25806150779616
"1626",0.206658973444933
"1627",0.590934206041233
"1628",-0.279275703460447
"1629",-0.607590333956743
"1630",0.225884626551821
"1631",0.123037077302771
"1632",-1.32350045400974
"1633",0.178402807529766
"1634",0.761929518259463
"1635",-0.645291023137982
"1636",0.630208855484673
"1637",-0.377428618350843
"1638",-0.0480663681726798
"1639",0.00108420583738345
"1640",0.371027495210235
"1641",-0.73891459253107
"1642",-0.149161833017639
"1643",1.00561495296653
"1644",1.11232984746821
"1645",1.61958661931789
"1646",1.01860355627598
"1647",0.211775649514482
"1648",0.217764552803742
"1649",-0.324575341357655
"1650",0.583845744683098
"1651",-0.515373134443632
"1652",0.808922369373171
"1653",1.22164583327532
"1654",-0.222689787057685
"1655",-0.55265537285356
"1656",1.07858795303692
"1657",-0.524997989776633
"1658",0.662399972710778
"1659",0.368868949069488
"1660",0.592475960639295
"1661",-0.584107251368503
"1662",-0.361516300524665
"1663",0.546051963109582
"1664",-0.377139185037862
"1665",-1.02200303433671
"1666",-1.15467894874564
"1667",-0.959177667620645
"1668",-0.728400757381117
"1669",-0.633985434284561
"1670",-0.667480834026599
"1671",0.10611609481873
"1672",1.08064370893523
"1673",-0.499794141430514
"1674",0.64179236850514
"1675",1.20856841102604
"1676",0.391601412671407
"1677",1.39265836943971
"1678",1.34472356540156
"1679",0.561036058706062
"1680",-0.343110544278392
"1681",1.08263024442503
"1682",0.457058497013772
"1683",-0.0340984459753801
"1684",0.0318954227503491
"1685",1.03160160309417
"1686",0.585669556764768
"1687",0.406067501020013
"1688",0.39505607484177
"1689",0.931883994764649
"1690",-0.377966176638506
"1691",-0.494989374384676
"1692",-0.18436680089773
"1693",0.977716713735322
"1694",-0.502557293239676
"1695",-0.824453421960586
"1696",-0.562342113325657
"1697",0.627351086914841
"1698",-0.592823551916119
"1699",1.01668861690926
"1700",-0.76538948504082
"1701",-1.04493770091074
"1702",-1.41365562935126
"1703",-0.126653347642977
"1704",-0.669978379145861
"1705",0.469100695511214
"1706",-0.754494703753797
"1707",0.19120896707532
"1708",0.444423128724356
"1709",-0.40315016930155
"1710",-0.0290277136264281
"1711",0.813954258018023
"1712",0.446704836044014
"1713",-0.634739098287632
"1714",-0.965137843672839
"1715",0.207817071023148
"1716",-0.214660501707611
"1717",-1.25277826339777
"1718",-0.958350946361445
"1719",0.432584168293896
"1720",-0.0488770122499579
"1721",0.716347729053615
"1722",-0.82867988468758
"1723",0.655634184471148
"1724",-0.83321172404302
"1725",0.156758867192201
"1726",0.615783182496826
"1727",-0.344059574457373
"1728",0.659859536008101
"1729",-0.46404634033833
"1730",0.555998130422545
"1731",0.803173730110036
"1732",-0.48668686215626
"1733",-1.54151466463455
"1734",0.0708498471736935
"1735",0.923978324385913
"1736",0.98420442616442
"1737",0.400586699438806
"1738",-0.408867702049999
"1739",-1.07468748476503
"1740",-1.00285389516525
"1741",-0.762190133717012
"1742",-1.31599671134068
"1743",0.411176647398079
"1744",0.681533945073315
"1745",-0.479077932996926
"1746",-0.480075670935761
"1747",-0.78144855599916
"1748",-0.854047937295689
"1749",-0.988288996709215
"1750",0.538278881959587
"1751",0.459277691160841
"1752",0.819545665381187
"1753",-0.659810971947992
"1754",0.508403920576568
"1755",-1.3863622475523
"1756",-1.37714323475959
"1757",0.0335942738378494
"1758",-0.875475313927526
"1759",0.277243805252075
"1760",-1.01925334807069
"1761",0.267790469495606
"1762",0.92266153565977
"1763",0.459942371587839
"1764",0.809025473810103
"1765",1.17694684315149
"1766",1.17881671303365
"1767",-0.059196172326008
"1768",-0.340828932522517
"1769",0.722010989128879
"1770",0.513689470380397
"1771",0.674594446568525
"1772",0.0797126919243833
"1773",-0.0577710259101309
"1774",0.510708222770179
"1775",0.694099352877146
"1776",0.562520945010486
"1777",0.163810919550602
"1778",0.55327789530097
"1779",-0.385847527525733
"1780",0.299284493149917
"1781",-0.269643559762551
"1782",-0.407453828444905
"1783",0.695174225257381
"1784",-0.226307895275105
"1785",-0.565822892902663
"1786",-0.318567985742804
"1787",-0.117838104284713
"1788",-0.390258786239594
"1789",-0.623935809039697
"1790",0.251664307021751
"1791",-0.0546915667903077
"1792",0.843415203026232
"1793",-0.165822594910408
"1794",0.495352507865388
"1795",0.632819262650222
"1796",0.645091754484054
"1797",-0.649366150315543
"1798",-0.962749021015509
"1799",-1.15566442591482
"1800",-0.767440159231242
"1801",-0.659999773364445
"1802",0.0853717289960871
"1803",-0.794001457018193
"1804",-0.118882302608266
"1805",1.87020374850043
"1806",0.475529062934274
"1807",0.225079166510396
"1808",-0.996354897679563
"1809",-1.32360747972434
"1810",-0.0772249749461059
"1811",0.871342485937862
"1812",-0.0379347310639456
"1813",-0.302247512509111
"1814",0.633539082504651
"1815",-1.03079117515989
"1816",-0.984579823074836
"1817",-1.01519313555409
"1818",0.209339072192465
"1819",0.818803697983907
"1820",1.16222531011853
"1821",0.849681842001288
"1822",1.29499803389749
"1823",1.04941534298653
"1824",0.650240308370748
"1825",-0.82173725496341
"1826",0.80714965158619
"1827",-0.462053929392245
"1828",-1.19865133135013
"1829",0.0580030104917384
"1830",-0.768725020352639
"1831",0.330321119529711
"1832",-0.515450125286579
"1833",-0.469745255342704
"1834",0.426698233008099
"1835",0.537676916694389
"1836",0.467215272420415
"1837",0.089149933264003
"1838",-0.30277886768272
"1839",0.31112678756674
"1840",-1.11830767627447
"1841",-0.869741807249131
"1842",0.375577904050972
"1843",0.610250457569294
"1844",-1.03340626342944
"1845",0.435579256651212
"1846",0.0915143226285756
"1847",0.060967354859371
"1848",-0.0180677919868206
"1849",0.478115251180465
"1850",1.03191507997931
"1851",0.81726023147921
"1852",0.737066105445988
"1853",0.895194127746835
"1854",-0.754158782846378
"1855",0.205496757204053
"1856",0.284860371047085
"1857",-0.521183762828216
"1858",-0.488862584656205
"1859",-0.543672691706032
"1860",0.414575569720395
"1861",-0.373899882541806
"1862",1.25024503955031
"1863",1.24628643568209
"1864",1.0593974113993
"1865",1.28354144468457
"1866",-0.0654015902262
"1867",-0.592605502494155
"1868",0.481415635529839
"1869",0.789568417661483
"1870",-0.103436883127155
"1871",1.29538382972528
"1872",-0.234513148520582
"1873",-0.727237619421748
"1874",0.816539417959541
"1875",0.374900748228292
"1876",0.2006833057377
"1877",0.643871753877132
"1878",-0.31655492314947
"1879",-0.88108350558322
"1880",0.182825693094959
"1881",-0.395009256038543
"1882",0.0999653430307792
"1883",0.291260015265688
"1884",0.829538568630409
"1885",-0.496087885537423
"1886",0.819329498846314
"1887",0.0677511518734983
"1888",-0.578359928771031
"1889",-0.928092203033818
"1890",-0.997176146616878
"1891",-0.857442315732662
"1892",0.00909843027821455
"1893",0.806216865166634
"1894",0.870238588794665
"1895",0.190364752553996
"1896",0.485389422989865
"1897",0.849820343597986
"1898",-0.920167976707919
"1899",0.365164088496994
"1900",-0.752528442800277
"1901",0.743159209622679
"1902",-0.979500848630204
"1903",-0.969263834270093
"1904",0.365969126487226
"1905",-0.417222631021514
"1906",0.673811515499621
"1907",0.991630861717409
"1908",-0.191148599845998
"1909",-0.552566423413804
"1910",-0.82052044136783
"1911",0.952690007812259
"1912",0.867144422772527
"1913",-0.327940317706108
"1914",0.641746937153637
"1915",0.125513198148063
"1916",1.62057862686793
"1917",0.0780016090737692
"1918",0.772640268220328
"1919",-0.300204230543234
"1920",-0.541929535263506
"1921",-0.91543701664221
"1922",0.489273689915437
"1923",-0.381149235215258
"1924",1.26625879383379
"1925",1.28715825502265
"1926",-0.163131932776252
"1927",0.596868799475585
"1928",0.186053367094457
"1929",0.326823917372768
"1930",0.498371554400611
"1931",0.0404742604270336
"1932",0.118589262671251
"1933",0.410549963484363
"1934",0.951586698075058
"1935",1.1119600542226
"1936",1.36113572262544
"1937",1.25163541674835
"1938",0.921588478995549
"1939",1.0189240299541
"1940",1.00675870735253
"1941",-0.255041810566794
"1942",-0.223542280090517
"1943",-0.588286770831956
"1944",-0.686782119836997
"1945",-0.763872437423263
"1946",-0.706450884358859
"1947",0.419526939417962
"1948",0.857404592747919
"1949",-0.312273523729369
"1950",-0.410218918126065
"1951",-1.09434948355857
"1952",1.11157929996599
"1953",0.606606646653138
"1954",0.321508871762377
"1955",0.182399819500642
"1956",0.387545257875868
"1957",-0.304200903462813
"1958",-0.482693069445889
"1959",0.0225925935308711
"1960",0.768844852368456
"1961",-0.0219294162936488
"1962",-0.236467683083291
"1963",-0.528540137653201
"1964",1.16543526217657
"1965",1.16343796916226
"1966",0.566807771442597
"1967",0.53070675355835
"1968",-0.729634774308247
"1969",-1.08361769062082
"1970",-0.766036547854152
"1971",-0.186333742156315
"1972",0.354664345241146
"1973",-0.591886504875873
"1974",-0.211814628579081
"1975",-0.960150500129151
"1976",-0.967414587047044
"1977",0.191421562072197
"1978",0.441993410229721
"1979",0.129016355758146
"1980",-0.0669095183559048
"1981",-0.592595874766894
"1982",-1.38425343425364
"1983",0.0138814436295708
"1984",-0.927601691725125
"1985",-0.813519957381301
"1986",-0.930118962226105
"1987",-0.842672260384563
"1988",0.0081075186658992
"1989",0.537795860663917
"1990",0.49553122094028
"1991",0.920020159933804
"1992",-0.520111916636643
"1993",-0.949381196078677
"1994",-1.28263527474431
"1995",-1.39195731803715
"1996",-0.718989588822578
"1997",-0.74109886689249
"1998",0.870308502182534
"1999",-0.513678805985419
"2000",0.104981418707637
"2001",-0.258916214758486
"2002",0.121571081276183
"2003",1.01831846719309
"2004",0.240752592632053
"2005",-0.907484677682652
"2006",-0.197862948151834
"2007",-0.817317110705614
"2008",-0.668181317394882
"2009",-0.655194686576412
"2010",-0.727013730308814
"2011",0.391878402012867
"2012",-0.326345534770417
"2013",-0.680280217213111
"2014",-0.670416487114848
"2015",-0.625451086000624
"2016",1.02443046818731
"2017",-0.0428547094938865
"2018",1.0128403208483
"2019",0.797504360757444
"2020",-0.608210403703851
"2021",-1.34978540055122
"2022",-0.690942794374858
"2023",0.779041072150847
"2024",-0.122041868070552
"2025",0.105269739860684
"2026",0.780377230204368
"2027",-0.330305554047604
"2028",0.872091026579487
"2029",-0.871565115113444
"2030",-0.534448970553571
"2031",0.951777108252434
"2032",1.01903126720834
"2033",1.03644805845356
"2034",0.318730616113089
"2035",0.449226558568109
"2036",-0.926173557294757
"2037",0.472972042938989
"2038",-0.675043253452211
"2039",0.627719141483987
"2040",0.0673017715927475
"2041",-0.512748182946065
"2042",-0.261449112737811
"2043",-0.148791042154284
"2044",-0.465637911858675
"2045",-0.497031464172311
"2046",0.899268581192838
"2047",-0.551239012680072
"2048",-0.443634653103047
"2049",0.222249830271822
"2050",0.588360105869295
"2051",0.112736764315603
"2052",-0.0767388407119812
"2053",0.350251957383749
"2054",0.908167140590262
"2055",0.919532617279014
"2056",1.25127931391298
"2057",0.0855553011777744
"2058",-0.254098864612874
"2059",-1.0177569180588
"2060",-1.11537817709325
"2061",0.431200816278799
"2062",0.519510571851299
"2063",0.32228021482875
"2064",1.0070062212703
"2065",0.611334683425549
"2066",-0.237116269965166
"2067",0.602312989320595
"2068",-0.754477342168145
"2069",-1.02351238189907
"2070",-0.995318226946566
"2071",-1.09678684577191
"2072",-1.40976669202488
"2073",-0.837556934579871
"2074",-0.92132351539718
"2075",0.571925817808415
"2076",-0.273259922982174
"2077",1.48745265045712
"2078",1.26163226564131
"2079",1.67412906025001
"2080",0.0733077204086757
"2081",0.860202967102768
"2082",-0.299752197181108
"2083",-0.716650488842241
"2084",0.633098647955884
"2085",-0.724002546046628
"2086",-0.701423179314288
"2087",0.677437239204597
"2088",0.551358403835893
"2089",0.382013334642534
"2090",0.833079026822582
"2091",1.00894973367874
"2092",-0.526159111160102
"2093",0.0164154469264488
"2094",0.86664142691511
"2095",0.561072890990561
"2096",1.35711673475116
"2097",-0.0331515087697896
"2098",-0.797176163489991
"2099",0.242171897333967
"2100",0.530854709267063
"2101",0.0398955877058624
"2102",-1.03710468419326
"2103",-1.04778023134601
"2104",-0.202381403094948
"2105",-0.866335559192741
"2106",0.0989769818778504
"2107",-0.98574505799113
"2108",-1.5063341333106
"2109",-0.518106878822046
"2110",-0.893371797564514
"2111",-0.759527918915094
"2112",-0.670548423581927
"2113",0.464584761955849
"2114",0.743677565551991
"2115",-0.694128791180188
"2116",0.479528253303735
"2117",-0.463635340163608
"2118",0.413644435905829
"2119",0.287592029503833
"2120",-0.64409473996919
"2121",-0.676596528224945
"2122",-0.331383246063435
"2123",-0.323768956697281
"2124",0.838473423364343
"2125",0.24136310668011
"2126",-0.137396357177585
"2127",0.0316074743196137
"2128",0.685245425093072
"2129",0.837122269428563
"2130",0.949544154731627
"2131",-0.377330729545585
"2132",0.439490937437793
"2133",1.14849188983045
"2134",1.0859470131635
"2135",0.450695004384957
"2136",0.197928401441521
"2137",-0.0255424608658605
"2138",-0.947361062881401
"2139",-1.01204614537407
"2140",-0.875158778162375
"2141",0.443844419434886
"2142",-0.131585190825989
"2143",1.4588194026719
"2144",-0.359459577392248
"2145",-0.711309708720803
"2146",0.468860669627529
"2147",1.06485924375809
"2148",-0.231368298459386
"2149",-0.984971228026094
"2150",-0.808004716800026
"2151",0.771183493509166
"2152",0.164801136054751
"2153",-0.532769138016491
"2154",-1.13646880617042
"2155",-1.36393838088012
"2156",-0.967918324496713
"2157",-0.172354233947904
"2158",-0.362806036240681
"2159",-0.545709929383674
"2160",-0.912336719427516
"2161",-1.14106994364916
"2162",0.343936514139616
"2163",0.412859615226699
"2164",-0.420544499543287
"2165",-0.710509645176128
"2166",-1.23060523861933
"2167",-1.00776786205757
"2168",-0.0886184637836557
"2169",0.4364570848633
"2170",0.706239468613205
"2171",0.808816821531924
"2172",-0.887677369435203
"2173",0.315139387287177
"2174",0.947767233641867
"2175",0.0216125237949766
"2176",-0.485287530778942
"2177",-0.521254283402276
"2178",0.393867513934756
"2179",0.377542324192633
"2180",0.981030908801092
"2181",0.828336915198975
"2182",0.808959599605646
"2183",1.36364516409127
"2184",-0.337980808395372
"2185",0.967044062613303
"2186",0.520662756999807
"2187",-0.638105966501305
"2188",-0.715223676434208
"2189",0.141172657698709
"2190",-0.262751713938189
"2191",-1.09527358615475
"2192",-0.0244516696276293
"2193",0.487807708054424
"2194",0.700807637035557
"2195",-0.502453563315224
"2196",-0.362990992688682
"2197",0.460669617828537
"2198",0.690254172308112
"2199",0.456250771826702
"2200",0.876414506088455
"2201",0.959027844604299
"2202",-0.712366815777321
"2203",-0.839018715202072
"2204",-0.0363132922004255
"2205",-0.633484389197669
"2206",-0.0332878791587965
"2207",-1.13324971478733
"2208",-0.45749651741506
"2209",0.855814312719351
"2210",0.499119109144034
"2211",-0.993450472350985
"2212",-1.01941730843997
"2213",0.275723368723716
"2214",0.0811700686293935
"2215",-1.18341384943147
"2216",-1.48405028469823
"2217",-1.08179299282951
"2218",-0.602828087544517
"2219",0.430319608719781
"2220",-0.99702765785618
"2221",1.09830552431253
"2222",-0.109609450543215
"2223",-0.56355652395663
"2224",0.637125007716353
"2225",0.666453272725175
"2226",0.768021105076649
"2227",-0.345613217198979
"2228",0.0416196277934663
"2229",1.12692578217803
"2230",0.241097908711507
"2231",0.0560433268379614
"2232",0.853396818439813
"2233",-0.176355656270204
"2234",0.791745456186089
"2235",-0.0846120026356391
"2236",-0.325586119660213
"2237",0.453325349593688
"2238",-1.11090831055813
"2239",-0.806671687983521
"2240",0.232517469434043
"2241",0.378149606919115
"2242",0.591294611523432
"2243",-0.321431626049874
"2244",1.23298634822096
"2245",-0.466752486131656
"2246",-0.673911480142342
"2247",0.789000996569999
"2248",0.751848383818996
"2249",-0.326565060171344
"2250",-0.778712127236945
"2251",1.41502728134281
"2252",0.558381394362041
"2253",1.28047027725627
"2254",-0.335862949477575
"2255",-0.445656822506484
"2256",-0.576138844927327
"2257",0.51020845242135
"2258",-0.232377654605742
"2259",-0.575743288414506
"2260",-0.841750123271666
"2261",0.346566733535177
"2262",0.906722390375346
"2263",0.994957242215159
"2264",-0.314163181227063
"2265",-0.587878939905543
"2266",-0.251261312774558
"2267",0.40426231858538
"2268",-0.786056413608392
"2269",0.510765626672037
"2270",0.942097462662042
"2271",0.931418475724858
"2272",0.96020001698492
"2273",0.313226325990006
"2274",-0.110089284182522
"2275",0.809649774361236
"2276",0.607482296101779
"2277",-0.31826871984022
"2278",0.956614073969948
"2279",0.612847796426443
"2280",-0.282255962979273
"2281",-0.77691329139621
"2282",1.04189978230913
"2283",1.22834404743885
"2284",-0.143699100583341
"2285",-0.0313300466572978
"2286",-0.0320487497157043
"2287",0.475618065117671
"2288",-0.904674188756217
"2289",-0.944403486440047
"2290",0.320834381119048
"2291",-0.428003839032516
"2292",-0.304746664675446
"2293",-0.729866480053896
"2294",-0.551728353841968
"2295",-0.477937564713059
"2296",0.483304531760509
"2297",-0.246168146686949
"2298",0.0120881788806202
"2299",0.69549780685944
"2300",-0.343328171273369
"2301",0.80155122670977
"2302",-0.16867876673097
"2303",-0.127424058526664
"2304",1.15326333729168
"2305",0.9070167699659
"2306",-0.161986663199562
"2307",0.47208536370789
"2308",0.604635336335822
"2309",0.162556937638511
"2310",-0.372619886655243
"2311",-1.0189677124841
"2312",-1.08989255666186
"2313",0.4252767862084
"2314",0.277519490985204
"2315",0.561317819258556
"2316",0.390001985772489
"2317",-0.452778827269444
"2318",0.852444891396564
"2319",0.295546385723813
"2320",0.918315237692836
"2321",1.19424050873343
"2322",0.454676838452095
"2323",1.17278923630197
"2324",0.463959106939535
"2325",0.858961571075593
"2326",-0.810155185874968
"2327",-0.976571727410018
"2328",-0.793992760546365
"2329",0.394779136505575
"2330",-0.349501040374243
"2331",-0.844954366951701
"2332",0.360276751986845
"2333",-0.801251105827776
"2334",0.188222003527609
"2335",0.286744762982949
"2336",0.74151673281162
"2337",-0.385306650494781
"2338",-0.452142749376785
"2339",-0.411971998795795
"2340",0.479048157914719
"2341",1.50104311662823
"2342",1.50953049230715
"2343",-0.0161435175520224
"2344",-0.834709908099597
"2345",-0.187733297552513
"2346",0.128926905235403
"2347",0.0475122300926577
"2348",0.402676242989053
"2349",0.899285965223094
"2350",1.12238190698647
"2351",-0.518844167419795
"2352",0.882341789714645
"2353",-0.0326527458150156
"2354",0.73724177443804
"2355",0.215900192098581
"2356",1.24926306770888
"2357",1.10186849388712
"2358",0.0790147312890501
"2359",-0.336152714046579
"2360",-0.461060516901408
"2361",-0.619983554656179
"2362",0.394395030339315
"2363",-0.312117660539323
"2364",-0.167955467720936
"2365",-0.741932188100364
"2366",-0.380338039288186
"2367",0.458823383375911
"2368",0.728001042803311
"2369",0.983748270487858
"2370",0.428331053102028
"2371",-0.334965556834335
"2372",0.615940577407052
"2373",-0.563559518656473
"2374",0.890099351659103
"2375",-0.156094034526609
"2376",-0.470710359856094
"2377",-0.716284102567394
"2378",-1.04251488663471
"2379",-1.23225365890789
"2380",-1.4010001551535
"2381",-1.82442063827516
"2382",-1.18236643781726
"2383",0.13164842607113
"2384",0.476176428193179
"2385",0.400296468552307
"2386",0.282173967182646
"2387",-0.191803005579407
"2388",-0.389776704839353
"2389",1.0214743330303
"2390",0.937903166640331
"2391",-0.0710194008258811
"2392",-0.950416524921113
"2393",0.243060797475559
"2394",-0.810719443774463
"2395",0.735573301738186
"2396",1.07380617222903
"2397",0.585135381475649
"2398",-0.783818093477915
"2399",-0.151106261376197
"2400",-0.131752712448644
"2401",-0.824139713012778
"2402",-0.670859066135464
"2403",-0.556571222001332
"2404",-0.899186355940477
"2405",1.1275954472225
"2406",-0.0144481868975647
"2407",0.228036193509465
"2408",0.96834335078207
"2409",0.990493936301066
"2410",0.993202101104447
"2411",0.699664619821568
"2412",0.396554749536155
"2413",-0.370242121765279
"2414",0.805301659661703
"2415",-0.706991632441536
"2416",1.00749217714687
"2417",0.853842426064522
"2418",0.521625459604551
"2419",0.658846899260988
"2420",-0.673802960794475
"2421",-1.13898764005699
"2422",-0.575397033323305
"2423",0.142728437384984
"2424",0.106852898489743
"2425",0.574351934330712
"2426",-0.554753116751456
"2427",-1.18293862200986
"2428",-1.29333239322293
"2429",0.473035614139297
"2430",0.566365116910913
"2431",0.161243929963293
"2432",0.284418761166728
"2433",0.742281394856149
"2434",1.04479826473504
"2435",0.955333024102597
"2436",1.27780453137335
"2437",1.03649554217346
"2438",-0.315732284320689
"2439",-0.537022983086738
"2440",0.507232626753775
"2441",-0.595890146944618
"2442",-0.451967251976799
"2443",-0.507258711039708
"2444",0.419343376480481
"2445",0.594079579932276
"2446",1.36504092290315
"2447",-0.599553372885457
"2448",0.479428855785845
"2449",0.994573648672238
"2450",1.34233188581399
"2451",0.0804618965974483
"2452",1.25773307357503
"2453",0.243870388059585
"2454",-1.22952350097233
"2455",-0.556290275029818
"2456",-0.581227648310969
"2457",0.13613589434483
"2458",0.648540213340518
"2459",-1.05381008015398
"2460",-0.0830013872912289
"2461",0.454934042498069
"2462",0.540337532382105
"2463",-0.223379863380107
"2464",0.22612303259328
"2465",-0.733648705215931
"2466",-0.596786985247188
"2467",0.285593431158194
"2468",0.0538838902235272
"2469",0.39431908795637
"2470",0.640020559277278
"2471",0.411530760205673
"2472",0.408494719471378
"2473",0.336687455942761
"2474",-0.0125320959264967
"2475",0.710177550392438
"2476",1.00263311702545
"2477",0.110251422512785
"2478",0.793456228639469
"2479",-0.254817344174236
"2480",0.504180482796249
"2481",-0.0129415727542165
"2482",0.884932975992216
"2483",0.984502762636738
"2484",-0.171434756695476
"2485",0.743813836586229
"2486",0.913716654807886
"2487",-0.648034118882954
"2488",0.286873290494853
"2489",-0.771506876775013
"2490",-0.697738320803027
"2491",0.513015160673668
"2492",-1.13674704202241
"2493",-0.974235061964207
"2494",-0.720877052690364
"2495",0.459657432875527
"2496",-0.45986995960691
"2497",0.744738280811412
"2498",0.45912804318985
"2499",-0.788831340029624
"2500",0.759122325599312
"2501",0.50114109192841
"2502",1.03094948056526
"2503",0.552616072343231
"2504",0.810450214092712
"2505",0.691329744740222
"2506",0.975774919051418
"2507",-0.821499973507008
"2508",0.827905296565694
"2509",0.019099852587201
"2510",0.222688541042165
"2511",0.405891591466851
"2512",-0.239291676784171
"2513",1.23509018791851
"2514",-0.00849068932755548
"2515",0.106240269394375
"2516",-0.352580814171656
"2517",0.490582314558475
"2518",0.085178199334202
"2519",0.777446425870478
"2520",0.610848002775175
"2521",-0.520795429520112
"2522",-0.624757219587401
"2523",-0.631897148737166
"2524",-0.0364340740846211
"2525",0.558227182419945
"2526",0.797747303588676
"2527",0.277362883747138
"2528",-0.86123994471383
"2529",-0.187397544957336
"2530",-0.906602659624786
"2531",0.555109206685528
"2532",0.532026747998417
"2533",0.0572221418246888
"2534",0.608078171547212
"2535",-0.0339119588200919
"2536",-1.42642311553762
"2537",-1.73317395198422
"2538",-0.0210388796336745
"2539",-0.755721242093575
"2540",-0.0725281722916608
"2541",-0.873681713085019
"2542",-0.449891225837707
"2543",0.240521845872672
"2544",-0.451713426153123
"2545",0.862364658134039
"2546",-0.351877664264286
"2547",0.571540333950845
"2548",0.602006759135563
"2549",-0.901362295141879
"2550",0.49434917860073
"2551",0.944091704765164
"2552",0.882451670954081
"2553",-0.432576802502277
"2554",-0.867904974220135
"2555",-0.379676193944105
